,Unnamed: 0,id,host_listings_count,latitude,longitude,accommodates,bathrooms,bedrooms,beds,price,minimum_nights,maximum_nights,minimum_minimum_nights,maximum_minimum_nights,minimum_maximum_nights,maximum_maximum_nights,minimum_nights_avg_ntm,maximum_nights_avg_ntm,calendar_updated,availability_30,availability_60,availability_90,availability_365,number_of_reviews,number_of_reviews_ltm,number_of_reviews_l30d,review_scores_rating,review_scores_accuracy,review_scores_cleanliness,review_scores_checkin,review_scores_communication,review_scores_location,review_scores_value,calculated_host_listings_count,calculated_host_listings_count_entire_homes,calculated_host_listings_count_private_rooms,calculated_host_listings_count_shared_rooms,reviews_per_month,id.1,listing_url,scrape_id,last_scraped,source,name,description,neighborhood_overview,picture_url,host_id,host_url,host_name,host_since,host_location,host_about,host_response_time,host_is_superhost,host_thumbnail_url,host_picture_url,host_neighbourhood,host_verifications,host_has_profile_pic,host_identity_verified,neighbourhood,neighbourhood_cleansed,neighbourhood_group_cleansed,property_type,room_type,bathrooms.1,bathrooms_text,bedrooms.1,amenities,calendar_updated.1,has_availability,calendar_last_scraped,first_review,last_review,license,instant_bookable
327,327,2661094.0,1.0,41.97568,3.16982,12,0.0,6.0,9.0,$347.00,2,21,2.0,7.0,21.0,21.0,2.7,21.0,--,5,21,42,100,78,15,0.0,4.71,4.8,4.67,4.71,4.79,4.86,4.6,1.0,1.0,0.0,0.0,0.73,2661094.0,https://www.airbnb.com/rooms/2661094,20230300000000.0,31/03/2023,city scrape,Space Oasis - a tranquil and stylish retreat.,"Space Oasis is your haven of peace and quiet just a stones throw away from the beautiful beaches and bustling towns of the fabulous Costa Brava - a truly welcoming escape for friends & family to settle back, relax and unwind - hammock in the garden, a dip in the pool, fire pit BBQ, dinner & drinks on the terrace and total privacy as the space is all yours. Bliss!<br /><br /><b>The space</b><br />Space Oasis Holiday Villa is the perfect destination for groups of up to 12 people looking for somewhere a little bit special. We had a lot of fun creating the 'Pop Art' guest accommodation and love sharing our distinctive home with appreciative and laid-back friends from all over the globe. <br /><br />Our living spaces are split into sections all accessible from a large central courtyard with 100 m2 terrace &  10 x 5 m swimming pool. The main guest house has 3 bedrooms, 2 bathrooms and a lovely spacious open plan kitchen/diner/living area with a wall of glass doors opening out to the terrace ","The setting is really special and unique. We enjoy lots of peace, quiet and tons of privacy but are just minutes away from some of the most stunning old towns and fabulous beaches in Europe. Pals old town is truly unique with narrow stone streets and a multitude of great restaurants and shops and Begur, Girona and Barcelona are of course bucket list places to visit.  If action and activities tickle your fancy then there is fab scuba diving on the Illes Medes a few minutes drive away plus skiing in the Pyrenees, road and mountain biking, great walking routes and beaches & sparkling little coves to die for all up and down the coast.",https://a0.muscache.com/pictures/d2bf5b6e-9b39-4355-967a-c42a16ad31d9.jpg,13621507.0,https://www.airbnb.com/users/show/13621507,Amalia,28/03/2014,"Torroella de MontgrÃ­, Spain","Welcome to our Space Oasis! My name is Amalia, I am English/Canadian and my husband Dani is Russian. We met here on the Costa Brava, have lived here for almost 15 years. We speak EspanglishRuss together!

I work from home whereas Dani manages a super yacht in Barcelona and is often out 'at sea'. We both enjoy travelling and finding adventure when we can doing outdoorsy stuff like motorbiking or cycling; on-and-off road, horse riding and long dog hikes, but more often than not we're both working or relaxing in the garden at home. Well, to be honest, usually Dani is doing the gardening whilst I practise juggling, hula hoop, poi - or whatever is the latest skill I'm learning off YouTube!
 I'm a passionate animal lover and have 2 dogs, 8 cats and 1 horse. When I'm relaxing I love to just hang out with my animals and read a book. Guests have full access to my large library of books. Quite a few are beach-read best sellers - perfect for holidaymakers.

As we are often out-and-about our good friend Amber Jane will help you with  enquiries and bookings in the first instance and I will meet you when you arrive at Space Oasis Holiday Villa.

I will be here to help you get settled in but once I give you the keys my house is yours to enjoy in your own way. 

I like to share my house with good people , all I ask is that you respect my belongings and we both respect each others privacy. Other than that: 
Eat, Drink, Swim and Make Merry!",within an hour,t,https://a0.muscache.com/im/pictures/user/6d764a63-b65e-494e-bc91-7e1ec9fa8cb4.jpg?aki_policy=profile_small,https://a0.muscache.com/im/pictures/user/6d764a63-b65e-494e-bc91-7e1ec9fa8cb4.jpg?aki_policy=profile_x_medium,--,"['email', 'phone']",t,f,"Pals, Catalonia, Spain",Pals,--,Entire home,Entire home/apt,0.0,4 baths,6.0,"[""Carbon monoxide alarm"", ""Free parking on premises"", ""Private backyard – Not fully fenced"", ""Stainless steel oven"", ""Refrigerator"", ""Valley view"", ""Baking sheet"", ""Microwave"", ""First aid kit"", ""Private entrance"", ""Garden view"", ""Fire pit"", ""Free street parking"", ""Luggage dropoff allowed"", ""Hammock"", ""Pets allowed"", ""Hangers"", ""Central heating"", ""Dishes and silverware"", ""Bed linens"", ""Toaster"", ""Cooking basics"", ""Smoke alarm"", ""Outdoor furniture"", ""Private patio or balcony"", ""Washer"", ""Portable fans"", ""Electric stove"", ""Private pool"", ""Books and reading material"", ""Pool view"", ""Hot water"", ""Indoor fireplace"", ""Hair dryer"", ""Kitchen"", ""Iron"", ""Freezer"", ""Dishwasher"", ""Wine glasses"", ""Extra pillows and blankets"", ""Barbecue utensils"", ""Dining table"", ""BBQ grill"", ""Single level home"", ""Outdoor dining area"", ""Hot water kettle"", ""Coffee maker: drip coffee maker, Nespresso"", ""Smoking allowed"", ""Essentials"", ""Wifi"", ""Fire extinguisher""]",--,t,31/03/2023,02/06/2014,28/10/2022,HUTG-006972,f
463,463,3153346.0,2.0,42.01749,2.92635,2,0.0,1.0,1.0,$119.00,2,1125,2.0,7.0,1125.0,1125.0,3.0,1125.0,--,12,33,40,100,5,3,1.0,4.8,4.8,5.0,5.0,4.2,5.0,5.0,2.0,2.0,0.0,0.0,0.07,3153346.0,https://www.airbnb.com/rooms/3153346,20230300000000.0,31/03/2023,city scrape,Can Bonet turisme rural - Pallissa,"Can Bonet es una pequeÃ±a casa de turismo rural que os ofrece 3 apartamentos independientes. <br />Situado a las afueras del precioso pueblo de Sant MartÃ­ Vell, rodeado de naturaleza, es el lugar ideal para descansar y relajarse.<br /><br /><b>The space</b><br />El apartamento La Pallissa es un lugar muy acogedor y romÃ¡ntico ideal para parejas. <br />Es el antiguo pajar de la casa reformado con mucho encanto y con elementos arquitectÃ³nicos del S.XVII. Tiene unos grandes ventanales que hacen que el bosque entre en la casa, una chimenea de diseÃ±o y una gran terraza exterior.<br /><br /><b>Guest access</b><br />La casa dispone de:<br />- wifi gratuito<br />- barbacoa<br />- piscina en los meses de verano<br />- bicicletas de diferentes tamaÃ±os<br />- juegos de mesa<br />- ping pong<br />- etc.<br /><br /><b>Other things to note</b><br />PG-00543 PG-00543<br /><br /><b>License number</b><br />PG-000873","El pueblo de Sant MartÃ­ Vell es un pequeÃ±o municipio muy tranquilo. Su situaciÃ³n es perfecta: un entorno rural y tranquilo a 20 minutos de Girona y a 30 minutos de la Costa Brava. <br />La zona, conocida como el AmpudÃ¡n, es mÃ¡gica por los pequeÃ±os pueblos medievales y su espÃ­ritu rural. TambiÃ©n es conocida como la Toscana catalana.",https://a0.muscache.com/pictures/874e2d36-1633-46b1-88cb-e8aa2a43265d.jpg,16002720.0,https://www.airbnb.com/users/show/16002720,Ane,26/05/2014,--,--,within a few hours,f,https://a0.muscache.com/im/pictures/user/ce7e00e8-b814-4989-a653-6379fcfa7eae.jpg?aki_policy=profile_small,https://a0.muscache.com/im/pictures/user/ce7e00e8-b814-4989-a653-6379fcfa7eae.jpg?aki_policy=profile_x_medium,--,"['email', 'phone']",t,f,"Sant MartÃ­ Vell, Catalonia, Spain",Sant MartÃ­ Vell,--,Entire guest suite,Entire home/apt,0.0,1 bath,1.0,"[""Air conditioning"", ""Free parking on premises"", ""Pack ’n play/Travel crib"", ""Host greets you"", ""Lockbox"", ""First aid kit"", ""Free street parking"", ""Luggage dropoff allowed"", ""Pets allowed"", ""Hangers"", ""Children’s books and toys"", ""Heating"", ""TV"", ""Washer"", ""High chair"", ""Hot water"", ""Indoor fireplace"", ""Crib"", ""Hair dryer"", ""Kitchen"", ""Iron"", ""Pool"", ""Self check-in"", ""Dryer"", ""Essentials"", ""Wifi"", ""Fire extinguisher""]",--,t,31/03/2023,26/08/2017,26/03/2023,PG-000873,f
789,789,5064630.0,16.0,42.26163,3.151,4,0.0,1.0,1.0,$70.00,7,28,7.0,7.0,28.0,28.0,7.0,28.0,--,27,40,56,100,14,4,0.0,4.79,4.93,5.0,5.0,5.0,5.0,4.93,16.0,16.0,0.0,0.0,0.15,5064630.0,https://www.airbnb.com/rooms/5064630,20230300000000.0,01/04/2023,city scrape,Perfect place for beach holiday.,"Well maintained apartment on the beach and with sea view in Santa Margarita - Roses. It is located in front of the beach of Santa Margarita. From the vitrified terrace you have a beautiful sea view.<br /><br /><b>The space</b><br />Well maintained apartment on the beach and with sea view in Santa Margarita - Roses. Perfect place for beach holiday. <br />The apartment is on the 4th floor of the building Roses Holiday Centre on the northern Costa Brava in Roses - Santa Margarita. <br />It is located in front of the beach of Santa Margarita. From the vitrified terrace you have a beautiful sea view. <br />The apartment has a spacious living room with dining area, sleeping alcove with 2 single beds, and a separate bedroom with double bed. The kitchenette is equipped with a small fridge, a ceramic glass cooktop, oven and a filter coffee machine. Cutlery, crockery, pots and pans are also available. A bathroom with shower, a modern satellite TV and a washing machine complement the equipment. <",--,https://a0.muscache.com/pictures/9035f48c-fc6a-4f1b-9fb9-7578ee761c91.jpg,5091558.0,https://www.airbnb.com/users/show/5091558,Petra,15/02/2013,"Roses, Spain","Seit 1987 lebe ich in Roses, meiner Wahlheimat. Ich liebe dieses Fleckchen Erde. In meiner Freizeit bewaffne ich mich oft mit unserem Hund Uma - eine KÃ¶nigspudeldame, die aber Hund sein darf,  und Fotoapparat und mache unsere Bucht ""unsicher"" :-), wÃ¤hrend meine LebensgefÃ¤hrte Joan, gebÃ¼rtiger ""Rosinc"" - so heissen die Bewohner aus Roses, mit dem Fahrrad unterwegs ist. Wir hoffen, Sie recht bald kennen zu lernen und wieder einen neuen ""Roses-Fan"" gewinnen zu kÃ¶nnen.",within a day,t,https://a0.muscache.com/im/pictures/user/617226ad-782d-42df-8a23-de74f5fe079a.jpg?aki_policy=profile_small,https://a0.muscache.com/im/pictures/user/617226ad-782d-42df-8a23-de74f5fe079a.jpg?aki_policy=profile_x_medium,--,"['email', 'phone']",t,t,--,Roses,--,Entire condo,Entire home/apt,0.0,1 bath,1.0,"[""Shared pool"", ""Refrigerator"", ""Beach view"", ""Microwave"", ""Host greets you"", ""Elevator"", ""Free street parking"", ""Pets allowed"", ""Hangers"", ""Dishes and silverware"", ""Toaster"", ""Cooking basics"", ""TV"", ""Washer"", ""Portable fans"", ""Pool view"", ""Ocean view"", ""Hot water"", ""Beach access"", ""Mini fridge"", ""Kitchen"", ""Dining table"", ""Coffee maker"", ""Clothing storage: closet"", ""Wifi"", ""Waterfront""]",--,t,01/04/2023,15/08/2015,06/08/2022,HUTG-003684,f
1310,1309,7863974.0,112.0,41.8871,3.18066,4,0.0,2.0,3.0,$108.00,4,31,4.0,7.0,31.0,31.0,4.4,31.0,--,0,30,60,100,7,0,0.0,4.43,4.86,4.0,4.57,4.43,5.0,4.57,110.0,102.0,0.0,0.0,0.08,7863974.0,https://www.airbnb.com/rooms/7863974,20230300000000.0,01/04/2023,city scrape,Ã-2 Apartment in the center of Calella with pool.,"Apartment in the center in a community with pool<br /><br /><b>The space</b><br />Ground floor in a nice community with pool in the center of Calella de Palafrugell.<br /><br /> It consists of living-dining room with access to terrace with direct access to the communal area, equipped kitchen, 1 double bedroom, 1 twin bedroom and 1 bathroom.<br /><br />The community is very nice with a large garden and pool as well as a small space to play football.<br /><br />It is accessed by 2 different streets, and on one side it has a large supermarket opposite the community.<br /><br />Close to the center and less than 200 meters from the beach ""Port PelegrÃ­"".<br /><br />The terrace is minimal, with space just for a small table.<br /><br />The community pool is CLOSED from October 15 to May 15<br /><br />Water restrictions: We inform you that according to Decree-Law 1/2023 of February 28, due to the extreme drought we are experiencing, it is forbidden to water the lawn of any private property. The","Originally a fishing village, Calella has become a small town where urban growth has been strictly controlled so that the original charm of the town has not been affected. The beach is very picturesque with several coves. Instead of high-rise apartment blocks, general emphasis is placed on small, well-planned spaces with gardens and trees. Calella has the characteristics of ""the perfect place"" for many people, large enough to have excellent facilities, including good restaurants, bars and shops, but small enough to avoid organized travel.",https://a0.muscache.com/pictures/862ca90f-305a-4fbe-9214-46cc8b914e32.jpg,4629712.0,https://www.airbnb.com/users/show/4629712,Immo Cala Marquesa,08/01/2013,"Calella de Palafrugell, Spain","We are the agency Immo Cala Marquesa, local agent in Calella de Palafrugell and Begur, and your contact for all questions or problems you might have during your stay in Calella.

 

",within an hour,f,https://a0.muscache.com/im/users/4629712/profile_pic/1357724562/original.jpg?aki_policy=profile_small,https://a0.muscache.com/im/users/4629712/profile_pic/1357724562/original.jpg?aki_policy=profile_x_medium,--,"['email', 'phone']",t,t,"Calella de Palafrugell, Catalunya, Spain",Palafrugell,--,Entire serviced apartment,Entire home/apt,0.0,1 bath,2.0,"[""Refrigerator"", ""Host greets you"", ""Private entrance"", ""Free street parking"", ""Gas stove"", ""Hangers"", ""Room-darkening shades"", ""Dishes and silverware"", ""Laundromat nearby"", ""Toaster"", ""Outdoor furniture"", ""Coffee maker: drip coffee maker"", ""TV"", ""Shared outdoor pool - available seasonally, open 24 hours"", ""Private patio or balcony"", ""Washer"", ""Bathtub"", ""Portable fans"", ""Drying rack for clothing"", ""Hot water"", ""Oven"", ""Wine glasses"", ""Kitchen"", ""Iron"", ""Freezer"", ""Dining table"", ""Extra pillows and blankets"", ""Hot water kettle"", ""Clothing storage: closet""]",--,t,01/04/2023,08/05/2016,16/09/2021,HUTG-006471,t
1678,1677,11201038.0,1.0,41.97407,3.1772,6,0.0,3.0,4.0,$225.00,11,28,11.0,11.0,28.0,28.0,11.0,28.0,--,0,0,6,100,13,2,0.0,4.77,4.85,4.62,5.0,5.0,4.77,4.77,1.0,1.0,0.0,0.0,0.16,11201038.0,https://www.airbnb.com/rooms/11201038,20230300000000.0,31/03/2023,city scrape,"Villa avec superbe piscine, Ã  90 km de Perpignan","A 90 km de Perpignan. Proche des plages.<br />Dans la  magnifique rÃ©gion dite le ""Luberon Espagnol""<br />Maison  de charme, rÃ©novÃ©e rÃ©cemment ,trÃ¨s cosy, dans lotissement calme, entourÃ©e dâun jardin rocailleux de 2000 m2. Immense piscine bordant la grande terrasse de 130 m2, Pergola . Belle vue mer. Ã 7 minutes en voiture de la plage et du vieux Pals. Garage fermÃ©,. Animaux ok. TrÃ¨s trÃ¨s nombreuses activitÃ©s sportives et culturelles.<br />TV satellite. Free WIFI.<br /><br /><b>The space</b><br />Chaleureuse maison de charme , entourÃ©e de plusieurs terrasses arborÃ©es, vue mer, dans lotissement calme. Terrain de 2000 m2 clÃ´turÃ©.Magnifique terrasse de 130 m2  bordant la piscine en L. vous permettant de surveiller vos enfants tout en restant  sous la terrasse couverte (voir photos).Sans vis Ã  vis . Parquet partout. Grande plage Ã  quelques minutes en voiture. AccÃ¨s prÃ©vus pour personnes Ã  mobilitÃ© rÃ©duite.  Belle  vue mer de la terrasse .Endroit calme.  Magnifique pergola . Piscine et jardi","Quartier tranquille de  bon standing.  TrÃ¨s nombreux restaurants aux alentours et sur la plage. Petit supermarchÃ©, poissonnerie et boulangerie en bas du mas tomasi.  Gerone (30km), Figueras(35km), Barcelone( Ã  1H00 par autoroute ou  beaucoup plus facile : en train Ã  Flaca (arrivÃ©e en plein centre historique !) Pubol, tous les villages mÃ©diÃ©vaux Ã  proximitÃ©. La Bisbal (poteries).TrÃ¨s belles plages tout prÃ¨s . Nombreuses riziÃ¨res (riz de Pals) :  zone Ã©cologique,  idÃ©ale pour promenades Ã  vÃ©lo.  Callela de Palafrugell Ã  1/4 H .superbe marchÃ©  Ã  Palafrugell (10 minutes) du mardi au dimanche (trÃ¨s grand marchÃ© le dimanche). Superbe halle aux poissons, aux viandes. Viticulteurs Ã  proximitÃ©.<br />  Fin aoÃ»t : foire aux vins extraordinaire sur la place du village mÃ©diÃ©val de Pals, acrobranche,  4 grands golfs 9 et 18 trous tout prÃ¨s,planche Ã  voile, plongÃ©e sous marine aux Ã®les MÃ¨des. Nombreuses activitÃ©s pour les enfants.....vous nâaurez pas assez de temps pour connaÃ®tre tout de la rÃ©gion, t",https://a0.muscache.com/pictures/af902066-56fb-4137-b8c5-27421eec4f51.jpg,58305926.0,https://www.airbnb.com/users/show/58305926,Patrick,11/02/2016,"Brussels, Belgium","68ans, mariÃ©, mÃ©decin radiologue  dans un grand hÃ´pital bruxellois.. Nous habitons 
Ã  Rhode Saint GenÃ¨se, prÃ¨s de Bruxelles et louons occasionnellement notre maison Ã  
pals. Nos enfants et 4 petits enfants adorent
Sây rendre tous les ans . Nous voyageons beaucoup mais notre maison Ã  Pals est lâendroit oÃ¹ nous pouvons nous ressourcer le mieux vu nos activitÃ©s professionnelles trÃ¨s 
Actives.

",within an hour,f,https://a0.muscache.com/im/pictures/user/dfb33ec9-b459-413a-9965-20e63f2919b9.jpg?aki_policy=profile_small,https://a0.muscache.com/im/pictures/user/dfb33ec9-b459-413a-9965-20e63f2919b9.jpg?aki_policy=profile_x_medium,--,"['email', 'phone']",t,t,"Pals, Catalunya, Spain",Pals,--,Entire home,Entire home/apt,0.0,2 baths,3.0,"[""Free parking on premises"", ""Stainless steel oven"", ""Fireplace guards"", ""Refrigerator"", ""Long term stays allowed"", ""Shampoo"", ""Baking sheet"", ""Microwave"", ""Lockbox"", ""Safe"", ""Rice maker"", ""Private entrance"", ""Free street parking"", ""Luggage dropoff allowed"", ""Hammock"", ""Pets allowed"", ""Hangers"", ""Children’s books and toys"", ""Blender"", ""Room-darkening shades"", ""HDTV with Chromecast"", ""Sea view"", ""Bay view"", ""Bed linens"", ""Dishes and silverware"", ""Cooking basics"", ""Smoke alarm"", ""Toaster"", ""Private backyard – Fully fenced"", ""Outdoor furniture"", ""Private BBQ grill: electric"", ""Private outdoor pool - available all year, open 24 hours, pool toys"", ""Cleaning available during stay"", ""Private patio or balcony"", ""Indoor fireplace: wood-burning"", ""Bathtub"", ""Portable fans"", ""High chair"", ""Coffee"", ""Drying rack for clothing"", ""Electric stove"", ""Cleaning products"", ""Books and reading material"", ""Pool view"", ""Hot water"", ""Free washer – In unit"", ""Hair dryer"", ""Dedicated workspace"", ""Iron"", ""Kitchen"", ""Ethernet connection"", ""Freezer"", ""Extra pillows and blankets"", ""Dishwasher"", ""Wine glasses"", ""Barbecue utensils"", ""Dining table"", ""Outdoor dining area"", ""Hot water kettle"", ""Coffee maker"", ""Self check-in"", ""Clothing storage: walk-in closet, closet, wardrobe, and dresser"", ""Children’s dinnerware"", ""Essentials"", ""Radiant heating"", ""Wifi""]",--,t,31/03/2023,16/07/2016,03/09/2022,Exempt,f
2468,2467,14559752.0,29.0,41.94242,3.20066,4,0.0,2.0,3.0,$170.00,3,1125,3.0,5.0,30.0,1125.0,3.1,1006.8,--,11,11,16,100,6,1,0.0,3.83,4.33,3.83,4.5,4.67,4.33,3.67,29.0,29.0,0.0,0.0,0.11,14559752.0,https://www.airbnb.com/rooms/14559752,20230300000000.0,01/04/2023,city scrape,"Sc2 Semi detached house with garden,","This pretty little semi detached villa with its private garden and cute pool is a great place to relax in. It is an ideal property for a family that donÂ´t want to be on an apartment complex or have the budget for a large villa. It is in a good location being only 5 mins walk to the nearest supermarket and restaurant, a short drive to Begur village (2kms), the beach at Aigua Blava (5kms) and the town of Palafrugell (4km) with its stunning beaches of Callela and Llafranc (9km).<br /><br /><b>The space</b><br />The villa has a split level sitting and dining room (with dining balcony), new flat screen TV with Satellite (limited service), DVD and music centre, unlimited good WIFI, open plan kitchen with: dishwasher, microwave, coffee machine. 2 bedrooms both air conditioning â 1 with a double bed (with doors leading to a sun terrace) and the other with twin beds. Full bathroom.<br /><br /> Out side there is a roof terrace, garden and various terraces with tables, chairs and a barbecue.<br /",--,https://a0.muscache.com/pictures/15b39ef8-8394-407e-82ae-15d054bf0204.jpg,33902031.0,https://www.airbnb.com/users/show/33902031,Property Care,21/05/2015,"Pals, Spain","I run Property Care International sl which  we set up in 1990. We rent properties in the Pals, Begur and Calonge area. We also sell properties in the area. ",within a day,f,https://a0.muscache.com/im/users/33902031/profile_pic/1432711022/original.jpg?aki_policy=profile_small,https://a0.muscache.com/im/users/33902031/profile_pic/1432711022/original.jpg?aki_policy=profile_x_medium,--,"['email', 'phone']",t,t,--,Begur,--,Entire home,Entire home/apt,0.0,1 bath,2.0,"[""Air conditioning"", ""Carbon monoxide alarm"", ""Free parking on premises"", ""Refrigerator"", ""Microwave"", ""Private entrance"", ""Garden view"", ""Hangers"", ""Stove"", ""Dishes and silverware"", ""Bed linens"", ""Heating"", ""Cooking basics"", ""Outdoor furniture"", ""Private backyard – Fully fenced"", ""TV"", ""Private patio or balcony"", ""Washer"", ""High chair"", ""Private pool"", ""Hot water"", ""Indoor fireplace"", ""Oven"", ""Crib"", ""Beach access"", ""Kitchen"", ""Iron"", ""Dishwasher"", ""Extra pillows and blankets"", ""Single level home"", ""Coffee maker"", ""Essentials"", ""Wifi""]",--,t,01/04/2023,28/08/2018,05/08/2022,HUTG-014045,f
2496,2495,15125278.0,419.0,42.04983,3.16698,8,0.0,3.0,6.0,$143.00,1,1125,2.0,2.0,2.0,1125.0,2.0,859.6,--,24,50,78,100,8,1,0.0,4.5,4.0,3.75,4.75,4.75,4.5,4.38,405.0,389.0,16.0,0.0,0.13,15125278.0,https://www.airbnb.com/rooms/15125278,20230300000000.0,01/04/2023,city scrape,Vall Gran 03,"The house in lâEstartit has 3 bedrooms and has capacity for 8 people. <br />The house is coquettish and very luminous, and it has 70 mÂ². <br />It is located 500 m from the supermarket, 3 km from the sand beach, 3 km from the town, 9 km from the golf course EmpordÃ  Golf Club, 25 km from the FlaÃ§Ã  train station and 55 km from the airport Girona â Costa Brava. The house is situated in a family-friendly neighborhood in a suburb.<br /><br /><b>The space</b><br />The house in lâEstartit has 3 bedrooms and has capacity for 8 people. <br />The house is coquettish and very luminous, and it has 70 mÂ². <br />It is located 500 m from the supermarket, 3 km from the sand beach, 3 km from the town, 9 km from the golf course EmpordÃ  Golf Club, 25 km from the FlaÃ§Ã  train station and 55 km from the airport Girona â Costa Brava. The house is situated in a family-friendly neighborhood in a suburb. <br />The accommodation is equipped with the following items: garden, garden furniture, fenced plot, terrace,",--,https://a0.muscache.com/pictures/prohost-api/Hosting-15125278/original/c1e5432f-f1e9-437b-9a0e-f6d04047f1f4.jpeg,95415596.0,https://www.airbnb.com/users/show/95415596,Ceigrup,16/09/2016,"Torroella de MontgrÃ­, Spain","Contamos con un equipo de personas exclusivamente dedicadas a todo el proceso desde que empiezas a planificar tus vacaciones en la Costa Brava hasta que vuelves a tu casa: InformaciÃ³n, reserva, recepciÃ³n y atenciÃ³n durante tu estancia, limpieza y mantenimiento.

Queremos que tus vacaciones sean Ãºnicas... Estaremos encantados de ayudarte en cualquier necesidad que tengas mientras estÃ©s en nuestro destino. Somos especialistas, conocemos bien la Costa Brava Â¡y nos entusiasma!",within an hour,f,https://a0.muscache.com/im/pictures/user/926e04d9-d424-462e-a25c-269f28d0031b.jpg?aki_policy=profile_small,https://a0.muscache.com/im/pictures/user/926e04d9-d424-462e-a25c-269f28d0031b.jpg?aki_policy=profile_x_medium,--,"['email', 'phone']",t,t,--,Torroella de MontgrÃ­,--,Entire home,Entire home/apt,0.0,2 baths,3.0,"[""Free parking on premises"", ""Refrigerator"", ""Microwave"", ""Free street parking"", ""Pets allowed"", ""Stove"", ""Dishes and silverware"", ""Bed linens"", ""Cooking basics"", ""Backyard"", ""TV"", ""Washer"", ""Bathtub"", ""Oven"", ""Crib"", ""Pool"", ""Kitchen"", ""Iron"", ""Freezer"", ""BBQ grill"", ""Coffee maker"", ""Patio or balcony"", ""Smoking allowed"", ""Essentials""]",--,t,01/04/2023,01/01/2018,22/05/2022,HUTG-011767,t
2985,2984,16957948.0,163.0,42.26379,3.18634,6,0.0,3.0,6.0,$100.00,1,1125,1.0,9.0,3.0,1125.0,1.5,954.4,--,0,10,31,100,3,1,0.0,4.5,4.0,4.5,4.5,4.5,4.0,4.5,163.0,163.0,0.0,0.0,0.05,16957948.0,https://www.airbnb.com/rooms/16957948,20230300000000.0,01/04/2023,city scrape,Las Alondras,"Note: You can directly book the best price if your travel dates are available, all discounts are already included. In the following house description you will find all information about our listing. <br />4-room apartment 75 m2 on 2nd floor. Spacious and bright, comfortable and beautiful furnishings: living/dining room with digital TV. Exit to the balcony. 3 rooms, each room with 2 beds (90 cm). Open kitchen (4 hot plates, oven, toaster, freezer, electric coffee machine). Bath/bidet/WC, sho...<br /><br /><b>The space</b><br />...wer/WC. No heating option. Balcony 13 m2, balcony 3 m2. Terrace furniture. Marvellous panoramic view of the sea and the resort. Facilities: washing machine. Internet (WiFi, free). Garage. Please note: suitable for families. TV only ES. No lift.  <br /> <br />Additional service charges may have to be paid locally on-site, see house rules and house manual for details. <br />Please don't hesitate to contact us should you have any questions. Thank you. <br />Large,",--,https://a0.muscache.com/pictures/prohost-api/Hosting-16957948/original/5b7fe86b-a92a-4e89-a5a4-ed0b983fd40e.jpeg,107252451.0,https://www.airbnb.com/users/show/107252451,Cristina - Interhome Group,14/12/2016,Spain,"Hi, my name is Cristina and I'm a part of the Interhome Group Service Team. My colleagues and I are happy to take care of all your questions and wishes. So either me or one of my colleagues will answer you. We'll gladly help you during your travel experience with Airbnb. Interhome has been a leading provider of holiday apartments and holiday homes worldwide since 1965. Our strength lies in a close relationship with our customers: We can satisfy just about any request with more than 33.000 online bookable holiday homes and apartments in more than 31 countries. We welcome and look after our guests on site and offer a comprehensive service. We're looking forward to welcoming you!",within an hour,f,https://a0.muscache.com/im/pictures/user/8b851d30-2dec-4d4a-819c-5fa72c6fea74.jpg?aki_policy=profile_small,https://a0.muscache.com/im/pictures/user/8b851d30-2dec-4d4a-819c-5fa72c6fea74.jpg?aki_policy=profile_x_medium,--,['phone'],t,t,--,Roses,--,Entire rental unit,Entire home/apt,0.0,2 baths,3.0,"[""Pool"", ""Kitchen"", ""Freezer"", ""Oven"", ""Washer"", ""Free parking on premises"", ""Hangers"", ""Sea view"", ""TV"", ""Wifi""]",--,t,01/04/2023,18/06/2018,16/06/2022,HUTG010226,t
3008,3007,16957969.0,163.0,42.26553,3.16606,4,0.0,2.0,4.0,$100.00,1,1125,1.0,7.0,3.0,1125.0,1.4,940.8,--,9,35,44,100,0,0,0.0,0.0,0.0,0.0,0.0,0.0,0.0,0.0,163.0,163.0,0.0,0.0,0.0,16957969.0,https://www.airbnb.com/rooms/16957969,20230300000000.0,01/04/2023,city scrape,Platja de Roses,"Note: You can directly book the best price if your travel dates are available, all discounts are already included. In the following house description you will find all information about our listing. <br />3-room apartment 65 m2, on the ground floor. Practical furnishings: living/dining room with 1 double sofabed, satellite TV and digital TV (flat screen). 1 room with 1 french bed. 1 room with 2 beds. Open kitchen (3 ceramic glass hob hotplates, microwave, freezer, electric coffee machine) w...<br /><br /><b>The space</b><br />...ith bar. Shower/WC, sep. WC. No heating option. Terrace. Terrace furniture. Facilities: washing machine. Internet (WiFi, free). Please note: TV only ES, DE. Keep in mind: Terrace overlooking the street.  <br /> <br />Additional service charges may have to be paid locally on-site, see house rules and house manual for details. <br />Please don't hesitate to contact us should you have any questions. Thank you. <br />Large, cosy, comfortable residence ""Platja de Ro",--,https://a0.muscache.com/pictures/prohost-api/Hosting-16957969/original/13bc0c8e-19f3-4818-b510-00f670995956.jpeg,107252451.0,https://www.airbnb.com/users/show/107252451,Cristina - Interhome Group,14/12/2016,Spain,"Hi, my name is Cristina and I'm a part of the Interhome Group Service Team. My colleagues and I are happy to take care of all your questions and wishes. So either me or one of my colleagues will answer you. We'll gladly help you during your travel experience with Airbnb. Interhome has been a leading provider of holiday apartments and holiday homes worldwide since 1965. Our strength lies in a close relationship with our customers: We can satisfy just about any request with more than 33.000 online bookable holiday homes and apartments in more than 31 countries. We welcome and look after our guests on site and offer a comprehensive service. We're looking forward to welcoming you!",within an hour,f,https://a0.muscache.com/im/pictures/user/8b851d30-2dec-4d4a-819c-5fa72c6fea74.jpg?aki_policy=profile_small,https://a0.muscache.com/im/pictures/user/8b851d30-2dec-4d4a-819c-5fa72c6fea74.jpg?aki_policy=profile_x_medium,--,['phone'],t,t,--,Roses,--,Entire rental unit,Entire home/apt,0.0,1 bath,2.0,"[""Kitchen"", ""Freezer"", ""Washer"", ""Hangers"", ""Backyard"", ""TV"", ""Microwave"", ""Wifi""]",--,t,01/04/2023,--,--,HUTG007524,t
3294,3293,17374643.0,97.0,42.00847,3.19184,6,0.0,3.0,5.0,$92.00,1,1125,7.0,7.0,7.0,1125.0,7.0,576.1,--,0,5,35,100,3,0,0.0,4.0,4.0,4.33,4.33,4.33,4.33,3.67,56.0,56.0,0.0,0.0,0.05,17374643.0,https://www.airbnb.com/rooms/17374643,20230300000000.0,01/04/2023,city scrape,"DarÃ³ 3d 39 - Wi-Fi, piscina, open kitchen","Townhouse at 150m from the sandy beach of Mas Pinell. The 3 bedrooms have ceiling fans and mosquito nets. On the ground floor you have the open kitchen, a toilet and the living room with access to the terrace and garden. <br />On the first floor are three bedrooms, one with en-suite bathroom, and a bathroom with shower. <br /> <br />The living room has a fireplace, Tv (usb input) and the exit to the private garden terrace (fenced, with pebbles) with garden furniture, awning and barbecue.<br /><br /><b>The space</b><br />Townhouse at 150m from the sandy beach of Mas Pinell. The 3 bedrooms have ceiling fans and mosquito nets. On the ground floor you have the open kitchen, a toilet and the living room with access to the terrace and garden.<br />On the first floor are three bedrooms, one with en-suite bathroom, and a bathroom with shower.<br /><br />The living room has a fireplace, Tv (usb input) and the exit to the private garden terrace (fenced, with pebbles) with garden furniture, awnin",--,https://a0.muscache.com/pictures/prohost-api/Hosting-17374643/original/360aa625-3425-418e-b674-7f1f7b9290c9.jpeg,116980616.0,https://www.airbnb.com/users/show/116980616,Holiday Promotion Group,18/02/2017,"Catalonia, Spain","Desde 2002, Holiday Promotion Group SC alquila alojamientos turÃ­sticos de calidad en la Costa Brava a travÃ©s de RESERVAS MAS PINELL  y en la Costa de AlmerÃ­a a travÃ©s de RESERVAS VERA PLAYA .
Desde la central en Pals (Costa Brava) y desde nuestra oficina en Vera Playa (AlmerÃ­a), os atenderemos profesionalmente en espaÃ±ol, francÃ©s, inglÃ©s, holandÃ©s, alemÃ¡n y catalÃ¡n. ",within a few hours,f,https://a0.muscache.com/im/pictures/user/a159d7ae-97ba-4c49-8ae8-0fdd6018df8f.jpg?aki_policy=profile_small,https://a0.muscache.com/im/pictures/user/a159d7ae-97ba-4c49-8ae8-0fdd6018df8f.jpg?aki_policy=profile_x_medium,--,"['email', 'phone']",t,t,--,Torroella de MontgrÃ­,--,Entire home,Entire home/apt,0.0,2.5 baths,3.0,"[""Refrigerator"", ""Microwave"", ""Pets allowed"", ""Stove"", ""Dishes and silverware"", ""Bed linens"", ""Cooking basics"", ""Backyard"", ""TV"", ""Washer"", ""Bathtub"", ""Indoor fireplace"", ""Oven"", ""Crib"", ""Pool"", ""Kitchen"", ""Iron"", ""Freezer"", ""Dishwasher"", ""BBQ grill"", ""Coffee maker"", ""Patio or balcony"", ""Essentials"", ""Wifi""]",--,t,01/04/2023,27/07/2018,14/08/2021,HUTG-012112,t
3332,3331,17731166.0,120.0,41.94057,3.21122,5,0.0,3.0,4.0,$131.00,1,1125,1.0,7.0,1125.0,1125.0,4.3,1125.0,--,0,25,49,100,0,0,0.0,0.0,0.0,0.0,0.0,0.0,0.0,0.0,114.0,114.0,0.0,0.0,0.0,17731166.0,https://www.airbnb.com/rooms/17731166,20230300000000.0,01/04/2023,city scrape,Holiday rental apartment with swimming pool in Beg,"Top floor apartment situated 400 meters from the beach in Platja Fonda, in a very quiet Location. There is one double bedroom with bathroom, one twin bedroom, one single bedroom with ""pull out"" bed, one bathroom, a kitchen and a living-dining room leading to a terrace. Fantastic communal garden and swimming pool. Parking space.<br /><br /><b>Other things to note</b><br />Optional services (not included in the price)<br /><br />1x Cot: 40,00 â¬ <br /><br />1x High Chair: 35,00 â¬ <br /><br />1x Extra person and bed: 120,00 â¬ <br /><br />1H Additional cleaning: 23,00 â¬ <br /><br />1x Welcome Pack: 150,00 â¬ <br /><br />1x Beach towel: 20,00 â¬<br /><br /><b>License number</b><br />HUTG-021078",--,https://a0.muscache.com/pictures/prohost-api/Hosting-17731166/original/745b45c1-8180-4398-a161-e71d3cc94b31.jpeg,117908511.0,https://www.airbnb.com/users/show/117908511,Marta,24/02/2017,"Begur, Spain","Hola. Somos Domus Begur!. Nuestra inmobiliaria cuenta con mÃ¡s de 30aÃ±os de experiencia en la Costa Brava y Begur. Disponemos de la mejor selecciÃ³n de casas, apartamentos y villas en venta y de alquiler de vacaciones. En nuestra web podrÃ¡ consultar nuestro amplio catÃ¡logo, reservar al instante y gestionar su alquiler de vacaciones de forma fÃ¡cil y segura.",within an hour,f,https://a0.muscache.com/im/pictures/user/5b2f900b-7027-48ce-82c5-520bdd32a4da.jpg?aki_policy=profile_small,https://a0.muscache.com/im/pictures/user/5b2f900b-7027-48ce-82c5-520bdd32a4da.jpg?aki_policy=profile_x_medium,--,"['email', 'phone']",t,t,--,Begur,--,Entire rental unit,Entire home/apt,0.0,2 baths,3.0,"[""Pool"", ""Kitchen"", ""Oven"", ""Dishwasher"", ""Washer"", ""Free parking on premises"", ""Hangers"", ""Clothing storage"", ""Hot water kettle"", ""Coffee maker"", ""Heating"", ""Refrigerator"", ""Toaster"", ""Cooking basics"", ""Essentials"", ""TV"", ""Indoor fireplace"", ""Wifi""]",--,t,01/04/2023,--,--,HUTG-021078,t
3944,3943,18928668.0,28.0,41.82087,3.01392,6,0.0,3.0,5.0,$197.00,1,730,1.0,7.0,730.0,730.0,3.9,730.0,--,22,39,50,100,0,0,0.0,0.0,0.0,0.0,0.0,0.0,0.0,0.0,27.0,27.0,0.0,0.0,0.0,18928668.0,https://www.airbnb.com/rooms/18928668,20230300000000.0,31/03/2023,city scrape,Villa Scandinavia,"Villa  with private pool in Santa Cristina d&#39;Aro, Catalonia, Spain for 6 persons.  The villa is situated  in a  hilly and residential area.  The villa has 3 bedrooms, 3 bathrooms and 1 guest toilet, spread over 2 levels.  The vicinity of the beach, places to shop, sports activities and places to go out makes this a fine villa to celebrate your holidays with family or friends. Interior of the villa<br /><br /><b>The space</b><br /><p>Villa  with private pool in Santa Cristina d&#39;Aro, Catalonia, Spain for 6 persons.  The villa is situated  in a  hilly and residential area.  <br><br>The villa has 3 bedrooms, 3 bathrooms and 1 guest toilet, spread over 2 levels.  The vicinity of the beach, places to shop, sports activities and places to go out makes this a fine villa to celebrate your holidays with family or friends. </p><p><b>Interior of the villa</b></p><ul><li>2 level villa</li><li>living room with television, DVD player and hifi</li><li>fireplace in living room (wood)</li><li>co","Santa Cristina d'Aro, Santa Cristina d'Aro, Catalonia",https://a0.muscache.com/pictures/prohost-api/Hosting-18928668/original/59fe6e71-941b-4905-89c9-d2d507ce2b40.jpeg,129837136.0,https://www.airbnb.com/users/show/129837136,Quality Estates,11/05/2017,Spain,--,within a few hours,f,https://a0.muscache.com/im/pictures/user/4d818115-5375-49c4-83e9-b1f1db7ec064.jpg?aki_policy=profile_small,https://a0.muscache.com/im/pictures/user/4d818115-5375-49c4-83e9-b1f1db7ec064.jpg?aki_policy=profile_x_medium,--,"['email', 'phone']",t,t,"Girona, Catalonia, Spain",Santa Cristina d'Aro,--,Entire villa,Entire home/apt,0.0,3 baths,3.0,"[""Air conditioning"", ""Sound system"", ""Refrigerator"", ""Valley view"", ""Microwave"", ""Safe"", ""Bidet"", ""Private entrance"", ""Mountain view"", ""Dishes and silverware"", ""Sea view"", ""Bed linens"", ""Toaster"", ""Cooking basics"", ""Backyard"", ""Indoor fireplace: wood-burning"", ""Bathtub"", ""Private outdoor pool - heated"", ""Oven"", ""Crib"", ""Kitchen"", ""Freezer"", ""Dishwasher"", ""Dining table"", ""BBQ grill"", ""Coffee maker"", ""Patio or balcony"", ""Essentials"", ""Wifi"", ""TV with premium cable""]",--,t,31/03/2023,--,--,HUTG-8206,t
3985,3984,18804324.0,151.0,41.96065,3.21004,6,0.0,3.0,4.0,$420.00,2,1125,2.0,7.0,1125.0,1125.0,3.0,1125.0,--,11,28,39,100,29,3,0.0,4.55,4.83,4.83,4.83,4.52,4.86,4.45,97.0,96.0,1.0,0.0,0.42,18804324.0,https://www.airbnb.com/rooms/18804324,20230300000000.0,01/04/2023,city scrape,Spectacular views with pool in Begur,"With spectacular views over the sea, a spacious living room, three large bedrooms and swimming pool, this beautiful house is located at 5 minutes walking distance from the center of the village of Begur and a few meters from the best beaches of the Costa Brava<br /><br /><b>The space</b><br />This exclusive property is located jat 5 minutes walking distance from the center of the beautiful Indian village of Begur and at 20min walking distance/5min driving to the beautiful beach of SaRiera, next to Sa SaTuna, Aiguablava ...<br /><br />The house enjoys incredible sea views and preserves all the charm and comfort of traditional architecture in a unique way.<br /><br />The interior is distributed on two levels, on the ground floor is the fully equipped kitchen, a guest toilet, the spacious living room a beautiful terrace where you can enjoy exquisite views and the backyard with barbecue.<br /><br />On the upper floor are the bedrooms: a master bedroom with double bed and ensuit bathroom, a","Located in the municipality of Begur an emblematic Indian village with so much cultural interest as gastronomic and leisure in the heart of the Costa Brava. In its surroundings are wonderful beaches such as Sa Tuna that surprises visitors because of its small size and its beautiful landscape. The whole area, the most beautiful of the Costa Brava, is full of coves, beaches and incomparable landscapes.",https://a0.muscache.com/pictures/2e7ad987-9f2f-4370-88d6-48c0e369c3b4.jpg,10547296.0,https://www.airbnb.com/users/show/10547296,Flateli,10/12/2013,"Barcelona, Spain","Our only objective is to ensure that your stay is even better than you imagined. We are Oscar from Barcelona and Maria from Girona, we married in 2013 and we have 2 wonderful children. Also, together we started Flateli, a little group of properties we love to manage to host our guests and make them feel like home. Ask anything you need and we will make our best to get it for you!",within an hour,f,https://a0.muscache.com/im/pictures/user/b0ba6517-8c3e-479a-9aa8-52bd10714ea7.jpg?aki_policy=profile_small,https://a0.muscache.com/im/pictures/user/b0ba6517-8c3e-479a-9aa8-52bd10714ea7.jpg?aki_policy=profile_x_medium,Dreta de l'Eixample,"['email', 'phone', 'work_email']",t,t,"Begur, Catalunya, Spain",Begur,--,Entire home,Entire home/apt,0.0,2.5 baths,3.0,"[""Shared pool"", ""Free parking on premises"", ""Pack ’n play/Travel crib"", ""Refrigerator"", ""Long term stays allowed"", ""Shampoo"", ""Microwave"", ""Body soap"", ""Private entrance"", ""Mountain view"", ""Free street parking"", ""Hangers"", ""Stove"", ""Dishes and silverware"", ""Sea view"", ""Bay view"", ""Shower gel"", ""Bed linens"", ""Heating"", ""Cooking basics"", ""Toaster"", ""TV"", ""Private backyard – Fully fenced"", ""Outdoor furniture"", ""Private patio or balcony"", ""Washer"", ""Bathtub"", ""Ocean view"", ""Hot water"", ""Indoor fireplace"", ""Oven"", ""Hair dryer"", ""Kitchen"", ""Iron"", ""Freezer"", ""Dishwasher"", ""Wine glasses"", ""Dining table"", ""BBQ grill"", ""Hot water kettle"", ""Coffee maker"", ""Clothing storage: closet"", ""Essentials"", ""Wifi"", ""Waterfront""]",--,t,01/04/2023,18/08/2017,09/07/2022,HUTG-027424,t
4072,4071,19024820.0,91.0,42.26647,3.17522,9,0.0,4.0,7.0,$80.00,1,1125,1.0,12.0,7.0,1125.0,5.5,951.7,--,0,23,47,100,5,1,0.0,2.6,2.8,2.2,3.6,3.2,4.4,3.0,90.0,90.0,0.0,0.0,0.11,19024820.0,https://www.airbnb.com/rooms/19024820,20230300000000.0,01/04/2023,city scrape,2026-Poeta Marquina Apartment with 4 bedrooms,"The <b>apartment in Rosas / Roses</b> has 4 bedrooms and capacity for 9 people. <br>Accommodation of 130 mÂ² comfortable and is spacious. <br>The property is located 50 m supermarket, 450 m sand beach, 3 km water park &quot;Aquabrava&quot;, 26 km golf course &quot;Peralada&quot;, 30 km train station &quot;Ave/Tgv Figueres&quot;, 70 km airport &quot;Girona&quot; and it is located in a a family-friendly zone and in the center of the city.<br /><br /><b>The space</b><br />The <b>apartment in Rosas / Roses</b> has 4 bedrooms and capacity for 9 people. <br>Accommodation of 130 mÂ² comfortable and is spacious. <br>The property is located 50 m supermarket, 450 m sand beach, 3 km water park &quot;Aquabrava&quot;, 26 km golf course &quot;Peralada&quot;, 30 km train station &quot;Ave/Tgv Figueres&quot;, 70 km airport &quot;Girona&quot; and it is located in a a family-friendly zone and in the center of the city.<br>The accommodation is equipped with the following items: garden furniture, terrace, i",--,https://a0.muscache.com/pictures/prohost-api/Hosting-19024820/original/b6d56f10-1a15-4868-be2a-9d9d643b179e.jpeg,132017348.0,https://www.airbnb.com/users/show/132017348,Apart-Rent,26/05/2017,"Empuriabrava, Spain","Las llaves se recogen en APART-RENT INMOBILIARIA
Av. Carles Fages de Climent s/n. Sector Gran reserva EMPURIABRAVA.

Apart-rent es una empresa especializada en SERVICIOS INMOBILIARIOS destinados a clientes que estÃ©n interesados en Empuriabrava/Roses. Nuestros servicios abarcan las siguientes Ã¡reas: 
Servicios de contrataciÃ³n de ALQUILERES de apartamentos, casas, y fincas en general, para que usted pueda pasar unas agradables vacaciones en nuestra urbanizaciÃ³n. 
APART-RENT dispone de personal titulado y cualificado para llevar a cabo cualquier gestiÃ³n relacionada con la propiedad inmobiliaria, teniendo como objetivo fundamental la resoluciÃ³n de todos aquellos problemas que tanto nuestros clientes inquilinos como nuestros clientes propietarios puedan tener en su estancia en nuestra urbanizaciÃ³n.",within an hour,f,https://a0.muscache.com/im/pictures/user/ad1beb8d-5ca8-4b84-ae87-2aa4a9bbfde5.jpg?aki_policy=profile_small,https://a0.muscache.com/im/pictures/user/ad1beb8d-5ca8-4b84-ae87-2aa4a9bbfde5.jpg?aki_policy=profile_x_medium,--,"['email', 'phone']",t,t,--,Roses,--,Entire rental unit,Entire home/apt,0.0,2 baths,4.0,"[""Kitchen"", ""Iron"", ""Freezer"", ""Oven"", ""Washer"", ""Bathtub"", ""Pets allowed"", ""Coffee maker"", ""Stove"", ""Dishes and silverware"", ""Bed linens"", ""Refrigerator"", ""Smoking allowed"", ""Cooking basics"", ""Essentials"", ""TV"", ""Microwave"", ""Wifi"", ""Private patio or balcony""]",--,t,01/04/2023,27/07/2019,13/08/2022,HUTG-013790-90,t
5028,5027,21571348.0,79.0,41.78832,3.02641,8,0.0,4.0,6.0,$175.00,1,1125,1.0,7.0,1125.0,1125.0,3.8,1125.0,--,0,0,29,100,4,2,0.0,4.75,5.0,4.75,5.0,5.0,4.75,4.75,79.0,79.0,0.0,0.0,0.09,21571348.0,https://www.airbnb.com/rooms/21571348,20230300000000.0,01/04/2023,city scrape,VILLA CECILIA- HOUSE IN THE TOWN WITH PRIVATE POOL,"PRIVATE POOL, FREE WIFI,8 PEOPLE<br /><br /><b>The space</b><br />Villa Cecilia Sant Feliu de GuÃ­xols Excellent villa for rent in Sant Feliu de GuÃ­xols, with all kinds of amenities for an unforgettable holiday on the Costa Brava. The house is located in idyllic surroundings, easy access to the main beaches and coves of the Costa Brava, the accommodation is in Sant Feliu de GuÃ­xols, 1,3 km from the sea. The villa with private pool , has 4 bedrooms ( two bedroom with double bed, two bedroom with two single beds) 2 bathrooms , and a large list of additional services and amenities: - kitchen - Living room - Porsche with table,chairs, BBQ and summer kitchen - garage for 1 car - Swimming pool - Wifi - satellite TV The pool is fully fenced. Pets are not allowed. Property owners live on the 2nd floor in an independent apartment<br />Groups of young people under 35 years of age are not allowed.<br />The keys have to be picked up in our office<br /><br /><b>License number</b><br />HUTG-014407-15",--,https://a0.muscache.com/pictures/prohost-api/Hosting-21571348/original/788a719c-f65a-4fc7-912d-8107fadc71fb.jpeg,127955218.0,https://www.airbnb.com/users/show/127955218,Costa Brava Si,28/04/2017,"Santa Cristina d'Aro, Spain","COSTA BRAVA SI es una empresa dedicada exclusivamente al alquiler turÃ­stico, situada en la zona de la Costa Brava (Girona) Estamos ubicados en Santa Cristina d'Aro, pero nuestras ofertas de alquiler turÃ­stico abarcan mÃ¡s poblaciones como Sant Feliu de GuÃ­xols , Castell-Platja dâAro y Calonge, entre otras.
Damos un trato personalizado y de calidad, para que sus vacaciones sean inolvidables.",within an hour,f,https://a0.muscache.com/im/pictures/user/0e3dbb1b-6005-4165-aee7-397128d9f24c.jpg?aki_policy=profile_small,https://a0.muscache.com/im/pictures/user/0e3dbb1b-6005-4165-aee7-397128d9f24c.jpg?aki_policy=profile_x_medium,--,"['email', 'phone']",t,t,--,Sant Feliu de GuÃ­xols,--,Entire villa,Entire home/apt,0.0,2 baths,4.0,"[""Pool"", ""Kitchen"", ""Iron"", ""Oven"", ""Dishwasher"", ""Washer"", ""BBQ grill"", ""Coffee maker"", ""Dishes and silverware"", ""Patio or balcony"", ""Bed linens"", ""Heating"", ""Refrigerator"", ""Smoking allowed"", ""Essentials"", ""Microwave"", ""Wifi""]",--,t,01/04/2023,06/07/2019,13/08/2022,HUTG-014407-15,t
6127,6126,24686418.0,37.0,42.27105,3.14525,6,0.0,2.0,3.0,$44.00,1,1125,1.0,9.0,3.0,1125.0,2.1,872.5,--,0,4,34,100,1,0,0.0,4.0,5.0,5.0,5.0,5.0,4.0,4.0,34.0,34.0,0.0,0.0,0.05,24686418.0,https://www.airbnb.com/rooms/24686418,20230300000000.0,01/04/2023,city scrape,1146 MEDITERRANI vista Canal,"The apartment in Rosas / Roses has 2 bedrooms and has capacity for 6 people. <br /><br />The apartment has views to the mountain and to the swimming pool. <br /><br />Extra mandatory and not included 45 â¬ per stay. <br />Tourist tax not included -> 1,00 â¬/person/night.<br />To pay the day of arrival. Sheets and towels NOT included. <br />Deposit of â¬ 200 to be paid on the day of arrival and refundable the days following departure from the accommodation.<br />Groups of young people under 25 years are not accepted.<br /><br /><b>The space</b><br />The apartment in Rosas / Roses has 2 bedrooms and has capacity for 6 people. <br /><br /><br />The apartment is cozy, is fully equiped, and has 60 mÂ². It has views to the mountain and to the swimming pool. <br /><br /><br />It is located 50 m from Mercadona supermarket, 200 m from Varios bus station, 800 m from Sta.Margarita sand beach, 2 km from Roses city, 17 km from Perelada golf course, 20 km from AVE-TGV train station, 65 km from Girona ai",--,https://a0.muscache.com/pictures/miso/Hosting-24686418/original/b23242d2-be55-41c8-b222-fddcb2c35e6a.jpeg,185347997.0,https://www.airbnb.com/users/show/185347997,Apivend 2000,20/04/2018,--,--,within an hour,f,https://a0.muscache.com/im/pictures/user/9a64400c-ac6b-47f8-b6d5-b04e76b73f5d.jpg?aki_policy=profile_small,https://a0.muscache.com/im/pictures/user/9a64400c-ac6b-47f8-b6d5-b04e76b73f5d.jpg?aki_policy=profile_x_medium,--,"['email', 'phone']",t,t,--,Roses,--,Entire rental unit,Entire home/apt,0.0,1 bath,2.0,"[""Pool"", ""Kitchen"", ""Iron"", ""Air conditioning"", ""Oven"", ""Washer"", ""Bathtub"", ""Free parking on premises"", ""High chair"", ""Coffee maker"", ""Stove"", ""Dishes and silverware"", ""Patio or balcony"", ""Refrigerator"", ""Cooking basics"", ""TV with standard cable"", ""Microwave"", ""Wifi"", ""Crib"", ""Elevator""]",--,t,01/04/2023,21/08/2021,21/08/2021,HUTG-021036,t
6993,6992,28910213.0,4.0,41.6869,2.81042,8,0.0,4.0,6.0,$180.00,4,1125,4.0,7.0,7.0,1125.0,5.2,947.7,--,1,18,20,100,115,21,1.0,4.97,4.97,4.92,5.0,5.0,4.97,4.92,4.0,4.0,0.0,0.0,2.38,28910213.0,https://www.airbnb.com/rooms/28910213,20230300000000.0,01/04/2023,city scrape,"CASA BLUE ð, enjoy mediterrean lifestyle all year","La Casa Blue, estÃ¡ situada en la bahÃ­a de la Playa de Santa Cristina, una zona residencial de villas  entre Blanes y Lloret . Su altitud dentro del bosque nos permite tener unas vistas espectaculares del mar, las calas y gozar una mÃ¡xima paz y tranquilidad. <br />Las pintorescas playas de Santa Cristina y Cala Treumal se encuentran a 475m, dando un paseo a pie serÃ­an 10 minutos o 2 minutos en coche. A 1.4km se encuentra Cala Sant Francesc y Sa Boadella. Free Wi-Fi, A/C y calefacciÃ³n gas ciudad.<br /><br /><b>The space</b><br />Se trata de una villa  donde se respira el mar Mediterraneo desde cualquier punto.  Consta de tres terrazas y un  jardÃ­n con chill out. Piscina de 4m x 3.5m y 1.5m de profundidad,de agua salada( sin cloro) ideal para niÃ±os, familias o amigos .  El amanecer es espectacular.  La decoraciÃ³n y sus pequeÃ±os detalles harÃ¡n que paseis unas vacaciones inolvidables y muy confortables. <br />Aunque  gracias a la brisa del mar y a la proximidad de los jardines  botÃ¡nicos ha","Se trata de una zona residencial con villas unifamilares de alto estanding. La zona es muy tranquila por eso las normas de convivencia con el vecindario SIEMPRE SERAN ESTRICTAS. <br />La caracteristica principal es la buena ubicaciÃ³n, la privacidad, la ESPECTACULAR VISTA DEL MAR y la proximidad a diferentes playas desde la casa.",https://a0.muscache.com/pictures/bb1f7eca-90d9-4c18-96d4-a7f01428b521.jpg,214797281.0,https://www.airbnb.com/users/show/214797281,Sergi,11/09/2018,"Blanes, Spain","We are a traveling couple, lovers of the sea and Mediterranean life.  After traveling around the planet, this is where we decided to raise our two children.  A land rich in contrasts, beaches, lakes, volcanoes and medieval villages ... The proximity to Barcelona and Girona, beaches with crystal clear waters mixing a unique and quality cuisine, will make this trip you never forget.  Ideal 365 days a year.  We love to receive guests and keep them in our different homes.  So give them a personalized service, and that they can bring back, good moments in this beautiful corner in the world called Costa Brava.",within an hour,t,https://a0.muscache.com/im/pictures/user/fde5d0b3-e179-417f-a8fe-cea6ce71f05d.jpg?aki_policy=profile_small,https://a0.muscache.com/im/pictures/user/fde5d0b3-e179-417f-a8fe-cea6ce71f05d.jpg?aki_policy=profile_x_medium,--,"['email', 'phone']",t,t,"Blanes, Catalunya, Spain",Blanes,--,Entire home,Entire home/apt,0.0,2 baths,4.0,"[""Beach essentials"", ""Carbon monoxide alarm"", ""Courtyard view"", ""Free parking on premises"", ""Bosch induction stove"", ""Private outdoor pool - available all year, open 24 hours, saltwater"", ""Pack ’n play/Travel crib"", ""Refrigerator"", ""Valley view"", ""Long term stays allowed"", ""Beach view"", ""Shampoo"", ""Microwave"", ""Lockbox"", ""Garden view"", ""Mountain view"", ""Free street parking"", ""Luggage dropoff allowed"", ""Hammock"", ""Pets allowed"", ""Hangers"", ""Children’s books and toys"", ""Room-darkening shades"", ""Dishes and silverware"", ""Bed linens"", ""Sea view"", ""Bay view"", ""Shower gel"", ""Window guards"", ""Heating"", ""Smoke alarm"", ""Cooking basics"", ""Private backyard – Fully fenced"", ""Outdoor furniture"", ""Private patio or balcony"", ""Bathtub"", ""Free dryer – In unit"", ""High chair"", ""Pocket wifi"", ""Cleaning products"", ""AC - split type ductless system"", ""Pool view"", ""Ocean view"", ""Hot water"", ""City skyline view"", ""Free washer – In unit"", ""Indoor fireplace"", ""Crib"", ""Oven"", ""Beach access"", ""Hair dryer"", ""Dedicated workspace"", ""Iron"", ""Kitchen"", ""Ethernet connection"", ""Dishwasher"", ""Extra pillows and blankets"", ""BBQ grill"", ""Self check-in"", ""Coffee maker"", ""Children’s dinnerware"", ""Essentials"", ""TV with standard cable"", ""Wifi"", ""Waterfront"", ""Fire extinguisher""]",--,t,01/04/2023,14/04/2019,05/03/2023,HUTG-011673,f
7331,7330,31030020.0,65.0,41.80501,3.05996,5,0.0,2.0,5.0,$146.00,4,60,4.0,10.0,5.0,60.0,5.1,56.3,--,0,0,30,100,2,0,0.0,5.0,4.5,5.0,5.0,5.0,5.0,4.0,65.0,65.0,0.0,0.0,0.09,31030020.0,https://www.airbnb.com/rooms/31030020,20230300000000.0,01/04/2023,city scrape,"CASA MARGARITA, Platja d'Aro Costa Brava","Casa totalmente independiente con capacidad para 5 personas.  EstÃ¡ situada en el complejo de apartamentos Kosidlo, un complejo cerrado ideal para venir con niÃ±os o en pareja. <br />El precio incluye sÃ¡banas y toallas.<br />Se cobrarÃ¡ un suplemento de 9,90â¬/dÃ­a por cada mascota.<br />Se cobrarÃ¡ el impuesto turÃ­stico a la entrada (0.66â¬/persona+16aÃ±os/dÃ­a durante los 7 primeros dÃ­as de estancia.<br /><br /><b>The space</b><br />En Platja d'Aro, debido al renombre turÃ­stico que se ha generado a lo largo de los aÃ±os, resulta difÃ­cil encontrar un sitio tranquilo pero a la vez cercano. AquÃ­ tenemos la formula, a demÃ¡s, estamos cerca de supermercados, cines, tiendas, medico... todo esto a menos de 200 metros.<br /><br /><b>Guest access</b><br />Apartamentos Kosidlo es un recinto cerrado al que acceden solamente los clientes, esto hace que sea un sitio seguro, tanto para los clientes como para los niÃ±os, que pueden jugar en las zonas comunes. Hay disponibles plazas de parking por 5.5â¬/noche.<b","La zona en la que nos encontramos es una zona residencial muy tranquila, rodeada de casas y apartamentos, a escasos metros de la playa y de los supermercados y a poco mÃ¡s de un kilÃ³metro del centro de Platja d'Aro.",https://a0.muscache.com/pictures/30107d1d-4ad5-446a-ab08-75327ec3bd43.jpg,100339062.0,https://www.airbnb.com/users/show/100339062,Apartamentos,19/10/2016,--,--,within a few hours,f,https://a0.muscache.com/im/pictures/user/b84acdbd-cd5f-49f0-8083-0e6cd59060ed.jpg?aki_policy=profile_small,https://a0.muscache.com/im/pictures/user/b84acdbd-cd5f-49f0-8083-0e6cd59060ed.jpg?aki_policy=profile_x_medium,--,"['email', 'phone', 'work_email']",t,t,"Platja d'Aro, Catalunya, Spain",Castell-Platja d'Aro,--,Entire condo,Entire home/apt,0.0,1 bath,2.0,"[""Hair dryer"", ""Kitchen"", ""Pool"", ""Washer"", ""Pets allowed"", ""Hangers"", ""Paid parking on premises"", ""Smoking allowed"", ""Essentials"", ""TV with standard cable"", ""Wifi""]",--,t,01/04/2023,27/06/2021,07/08/2021,ATG000076,t
7405,7404,30922655.0,129.0,42.21443,3.09584,6,0.0,2.0,5.0,$131.00,1,1125,1.0,14.0,1125.0,1125.0,4.3,1125.0,--,17,34,40,100,0,0,0.0,0.0,0.0,0.0,0.0,0.0,0.0,0.0,118.0,118.0,0.0,0.0,0.0,30922655.0,https://www.airbnb.com/rooms/30922655,20230300000000.0,31/03/2023,city scrape,pineda h - duplex penthouse with large terraces an,"Bright duplex penthouse with large terraces and spectacular sea views in Fane de Baix, near the beach of Cau de Llop. On the ground-floor there are a double bedroom (with double bed) and another with a capacity of up to 4 people (with bunk beds and a trundle bed), 1 bathroom, 1 sink. On the top floor there are a large dining room - living room, kitchenette, large terrace with barbecue and solarium. Equipped with TV, washing machine, oven, microwave. For 6 people. HUTG-027264<br /><br /><b>Other things to note</b><br />Optional services (not included in the price)<br /><br />Linen and Towels per person: 15,00 â¬ <br /><br />Supplement pets: 30,00 â¬ / day<br /><br /><b>License number</b><br />HUTG-027264",--,https://a0.muscache.com/pictures/prohost-api/Hosting-30922655/original/c9db4ff8-71a3-484b-a2be-d0a69dc1d762.jpeg,113356954.0,https://www.airbnb.com/users/show/113356954,Company TurÃ­stic,26/01/2017,"LlanÃ§Ã , Spain","Somos una empresa de servicios inmobiliarios con una larga trayectoria profesional, el aÃ±o 1.963 hicimos 50 aÃ±os. Nuestro equipo de 50 personas repartidas en cuatro oficinas en la zona de la Costa Brava, con dominio de varios idiomas, garantiza a nuestros clientes un servicio profesional y de calidad. Ofrecemos una amplia variedad de alojamientos de vacaciones, desde apartamentos de una habitaciÃ³n a casas con piscina en Companyturistic de Finques Company.",within an hour,f,https://a0.muscache.com/im/pictures/user/89f37b93-9063-4eec-b43d-356056a7ff1f.jpg?aki_policy=profile_small,https://a0.muscache.com/im/pictures/user/89f37b93-9063-4eec-b43d-356056a7ff1f.jpg?aki_policy=profile_x_medium,--,"['email', 'phone', 'work_email']",t,t,--,CastellÃ³ d'EmpÃºries,--,Entire rental unit,Entire home/apt,0.0,1.5 baths,2.0,"[""Kitchen"", ""Iron"", ""Washer"", ""BBQ grill"", ""Free parking on premises"", ""Pets allowed"", ""Hangers"", ""Clothing storage"", ""Coffee maker"", ""Cooking basics"", ""TV"", ""Microwave"", ""Oven""]",--,t,31/03/2023,--,--,HUTG-027264,t
7867,7866,32863501.0,82.0,41.87571,3.0621,8,0.0,4.0,5.0,"$1,000.00",7,1125,4.0,7.0,1125.0,1125.0,6.7,1125.0,--,0,0,22,100,1,0,0.0,5.0,4.0,5.0,5.0,5.0,4.0,4.0,82.0,82.0,0.0,0.0,0.05,32863501.0,https://www.airbnb.com/rooms/32863501,20230300000000.0,01/04/2023,city scrape,Club Villamar - Graff,"Fantastic house with private pool and beautiful garden has terraces and wifi<br /><br /><b>The space</b><br />Fantastic house with private pool near Calonge <br /><br />Â  <br />This fantastic house with private pool is situated in the quiet urbanisation of Rio de Oro. Enjoy long sunny days by the pool or on the pleasant terrace where you can relax surrounded by nature and tranquillity. This house has a constructed area of 230 sqm. spread over several levels. <br />On the main level we find the living and dining room, the fully equipped kitchen and a bathroom with shower. From the living room there is access to the terrace and the garden with swimming pool. Outside, on this same level and with direct access from the kitchen, there is a stone barbecue and summer dining area where you can enjoy pleasant summer meals. <br />On a slightly higher level there are three bedrooms, one with a double bed, one with two beds and one with bunk beds. There is also a bathroom with shower. <br />The up",--,https://a0.muscache.com/pictures/e61e2a5b-904c-4fec-b366-d6b628bef87d.jpg,144741996.0,https://www.airbnb.com/users/show/144741996,Club Villamar,07/08/2017,--,Our Mission at Club Villamar? Make sure you fully relax and make great new memories with your loved ones in our villas! We have done so for over 10 years and made hundreds of thousands of guests have a fantastic time in Spain!,within a day,f,https://a0.muscache.com/im/pictures/user/2ad340ee-5a7b-4062-9cdb-c0ffc6bdf6f3.jpg?aki_policy=profile_small,https://a0.muscache.com/im/pictures/user/2ad340ee-5a7b-4062-9cdb-c0ffc6bdf6f3.jpg?aki_policy=profile_x_medium,--,"['email', 'phone']",t,t,--,Calonge,--,Entire villa,Entire home/apt,0.0,3 baths,4.0,"[""Pool"", ""Kitchen"", ""Oven"", ""Washer"", ""Free parking on premises"", ""Pets allowed"", ""Stove"", ""Bed linens"", ""Backyard"", ""TV"", ""Hot tub"", ""Wifi"", ""Crib""]",--,t,01/04/2023,27/06/2021,27/06/2021,HUTG-022012,t
